Model,Accuracy,F1 Score
XGBoost,0.8116792885430417,0.8911467641212024
LightGBM,0.8094038768845967,0.8900864443620847
CatBoost,0.8158479816577503,0.893118535395286
